Brand,Domain,Total Referring Domains,Total Backlinks,Organic Traffic
Alvalaval,www.alfalaval.us,791,6848,8934
AMI,appliedmembranes.com,772,3758,6971
Aqualitec,http://www.aqualitec.com/,69,483,327
AquaTech,https://www.aquatech.com/,868,5841,4343
Burt Process Equipment,burtprocess.com,877,23649,7283
Chem World,www.chemworld.com,540,12100,3881
ChemREADY,https://www.getchemready.com/,151,1036,4627
Chemtrac,https://chemtrac.com/,170,1082,328
ChemTreat,www.chemtreat.com,650,20601,4367
COMO Filtration,https://www.comofiltration.com/,266,1490,272
Culligan Water,www.culligan.com,4177,157119,146239
Ecologix,www.ecologixsystems.com,327,1292,10517
Ellis Corporation,www.elliscorp.com/,187,883,365
ESP Water Products,www.espwaterproducts.com,1009,88154,69667
EVOQUA,www.evoqua.com/,3138,103671,26393
Filtation Systems,www.filtrationsystems.com,72,348,492
Fluence Corporation,www.fluencecorp.com/,2024,66534,19459
Highland Tank,www.highlandtank.com,1115,5329,3956
Hubbell Water Heaters,hubbellheaters.com,1045,8493,1079
InterCounty Supply,www.icsny.com,950,13734,84787
IWWS,iwwsllc.com/,30,279,7
KEMCO,www.kemcosystems.com/,270,1625,603
McLanahan,https://www.mclanahan.com/,523,127475,17147
Miura,miuraboiler.com,674,22648,4976
Monroe Environmental,www.monroeenvironmental.com,747,2099,1316
MWI Pumps,https://mwipumps.com/,400,4178,3101
NIJHUIS,www.nijhuisindustries.com/,304,4762,1078
Norchem Industries,www.norchemindustries.com/,29,88,32
Oil Water Separator Technologies,http://www.owstech.com/,164,291,213
Pariser Industries,pariser.net,107,568,241
Pure Aqua,pureaqua.com,856,39934,28604
Puretec,puretecwater.com,1052,4282,36515
Samco,www.samcotech.com,771,3988,7837
Spirax Sarco,www.spiraxsarco.com,3644,213212,66987
Stack,stackheating.com,320,4525,3621
Suez Water Technologies & Solutions,www.suezwatertechnologies.com,1802,72214,36468
Thermal Engineering of Arizona,www.teatucson.com/,57,173,56
UniMac,unimac.com,784,14350,9213
WESTECH,www.westech-inc.com/,814,7586,2508
World Water Works,www.worldwaterworks.com/,149,703,646