grouper_keyword,grouped_keyword
aeration water treatment,aeration water treatment
aeration water treatment, aerator in water treatment
air sparge system,air sparge system
air sparge system, air sparging
alge removal,alge removal
alge removal, algie removal
belt press sludge,belt press sludge
belt press sludge, dewatering belt press
biological treatment water,biological treatment water
biological treatment water, biological water treatment
biological waste treatment,biological waste treatment
biological waste treatment, biological wastewater treatment
ceramic water filter for sale,ceramic water filter for sale
ceramic water filter for sale, ceramic water filters for sale
chlorine dioxide for water treatment,chlorine dioxide for water treatment
chlorine dioxide for water treatment, chlorine dioxide in water treatment
claification,claification
claification, clairifcation
claification, clarificaiton
claification, clarification.
clarifier wastewater treatment,clarifier wastewater treatment
clarifier wastewater treatment, clarifiers water treatment
daf,daf
daf, daf.
daf pump,daf pump
daf pump, daf pumps
delta uv e 40,delta uv e 40
delta uv e 40, delta uv e-40
denitrification filter,denitrification filter
denitrification filter, denitrification filters
dissolve air floatation,dissolve air floatation
dissolve air floatation, dissolved air floatation
electrical control panel,electrical control panel
electrical control panel, electrical control panels
gas holder,gas holder
gas holder, gas holders
groundwater treatment process,groundwater treatment process
groundwater treatment process, groundwater treatment processes
hot oil filters,hot oil filters
hot oil filters, hot oil filtration
membrane filtration for water treatment,membrane filtration for water treatment
membrane filtration for water treatment, membrane filtration in water treatment
membrane for water filter,membrane for water filter
membrane for water filter, membrane water filter
mobile water filtration system,mobile water filtration system
mobile water filtration system, mobile water filtration systems
mobile water treatment,mobile water treatment
mobile water treatment, mobile water treatment systems
package treatment plant,package treatment plant
package treatment plant, packaged treatment plants
package waste water treatment plant,package waste water treatment plant
package waste water treatment plant, packaged treatment plant
ph controller dosing pump,ph controller dosing pump
ph controller dosing pump, ph controller with dosing pump
ph neutralization system,ph neutralization system
ph neutralization system, ph neutralization systems
reverse osmosis system waste water,reverse osmosis system waste water
reverse osmosis system waste water, ro system waste water
reverse osmosis system waste water, ro system water waste
reverse osmosis system water waste,reverse osmosis system water waste
reverse osmosis system water waste, waste water ro system
rotary drum filter,rotary drum filter
rotary drum filter, rotatory drum filter
rotary vaccum drum filter,rotary vaccum drum filter
rotary vaccum drum filter, rotary vacuum drum filter
screw press sludge,screw press sludge
screw press sludge, screw press sludge dewatering
steam assisted gravity drainage,steam assisted gravity drainage
steam assisted gravity drainage, steam-assisted gravity drainage
sub micron filtration,sub micron filtration
sub micron filtration, sub-micron filtration
tequatic plus filter,tequatic plus filter
tequatic plus filter, tequatic plus filters
uv dosage for disinfection,uv dosage for disinfection
uv dosage for disinfection, uv dose for disinfection
vapor control,vapor control
vapor control, vaporcontrol
wastewater package plant,wastewater package plant
wastewater package plant, wastewater treatment package plant
wastewater sand filter,wastewater sand filter
wastewater sand filter, wastewater sand filters
wastewater treatment clarifiers,wastewater treatment clarifiers
wastewater treatment clarifiers, water treatment clarifiers
what does a reverse osmosis system do,what does a reverse osmosis system do
what does a reverse osmosis system do, what is a reverse osmosis water system
what is a reverse osmosis system,what is a reverse osmosis system
what is a reverse osmosis system, what is reverse osmosis system
what is a reverse osmosis system, what is reverse osmosis water treatment
